,user_id,event_type,event_time
0,USR001,swipe,2025-07-29 13:56:55.755506
1,USR001,hover,2025-07-29 14:49:23.755506
2,USR001,keypress,2025-07-29 16:12:00.755506
3,USR001,click,2025-07-29 16:56:12.755506
4,USR001,scroll,2025-07-29 17:47:03.755506
5,USR001,swipe,2025-07-29 18:18:54.755506
6,USR001,scroll,2025-07-29 19:07:49.755506
7,USR001,keypress,2025-07-29 20:26:14.755506
8,USR001,hover,2025-07-29 22:15:27.755506
9,USR001,click,2025-07-29 23:38:42.755506
10,USR001,click,2025-07-30 00:48:06.755506
11,USR001,swipe,2025-07-30 01:38:37.755506
12,USR001,hover,2025-07-30 02:12:17.755506
13,USR001,keypress,2025-07-30 03:11:03.755506
14,USR001,hover,2025-07-30 03:46:24.755506
15,USR001,click,2025-07-30 04:30:49.755506
16,USR001,scroll,2025-07-30 05:56:27.755506
17,USR001,scroll,2025-07-30 06:51:19.755506
18,USR001,hover,2025-07-30 08:06:01.755506
19,USR001,hover,2025-07-30 08:50:50.755506
20,USR001,swipe,2025-07-30 09:43:05.755506
21,USR001,click,2025-07-30 10:55:32.755506
22,USR001,scroll,2025-07-30 11:23:06.755506
23,USR001,click,2025-07-30 11:54:38.755506
24,USR001,swipe,2025-07-30 13:11:35.755506
25,USR001,click,2025-07-30 14:27:32.755506
26,USR001,keypress,2025-07-30 14:31:06.755506
27,USR001,scroll,2025-07-30 14:58:07.755506
28,USR001,click,2025-07-30 16:48:42.755506
29,USR001,hover,2025-07-30 17:15:21.755506
30,USR001,hover,2025-07-30 18:46:19.755506
31,USR001,hover,2025-07-30 19:10:58.755506
32,USR001,scroll,2025-07-30 20:55:05.755506
33,USR001,swipe,2025-07-30 21:54:05.755506
34,USR001,click,2025-07-30 22:22:06.755506
35,USR001,scroll,2025-07-30 22:40:07.755506
36,USR001,keypress,2025-07-30 23:18:22.755506
37,USR001,swipe,2025-07-31 01:07:47.755506
38,USR001,scroll,2025-07-31 02:06:17.755506
39,USR001,scroll,2025-07-31 02:07:37.755506
40,USR001,scroll,2025-07-31 03:58:04.755506
41,USR001,keypress,2025-07-31 05:11:56.755506
42,USR001,swipe,2025-07-31 06:26:02.755506
43,USR001,scroll,2025-07-31 06:37:08.755506
44,USR001,swipe,2025-07-31 06:47:23.755506
45,USR001,keypress,2025-07-31 07:00:49.755506
46,USR001,hover,2025-07-31 07:27:00.755506
47,USR001,keypress,2025-07-31 08:45:01.755506
48,USR001,click,2025-07-31 09:25:53.755506
49,USR001,keypress,2025-07-31 10:48:43.755506
50,USR002,keypress,2025-07-29 13:18:16.755506
51,USR002,click,2025-07-29 14:32:25.755506
52,USR002,swipe,2025-07-29 15:03:38.755506
53,USR002,scroll,2025-07-29 15:29:26.755506
54,USR002,click,2025-07-29 16:10:05.755506
55,USR002,keypress,2025-07-29 18:07:56.755506
56,USR002,keypress,2025-07-29 18:11:38.755506
57,USR002,swipe,2025-07-29 20:09:08.755506
58,USR002,hover,2025-07-29 20:40:14.755506
59,USR002,keypress,2025-07-29 21:29:14.755506
60,USR002,swipe,2025-07-29 21:48:10.755506
61,USR002,hover,2025-07-29 23:39:48.755506
62,USR002,swipe,2025-07-30 00:25:04.755506
63,USR002,click,2025-07-30 00:56:38.755506
64,USR002,click,2025-07-30 01:24:47.755506
65,USR002,scroll,2025-07-30 03:06:15.755506
66,USR002,click,2025-07-30 03:18:32.755506
67,USR002,hover,2025-07-30 04:01:16.755506
68,USR002,hover,2025-07-30 04:54:44.755506
69,USR002,swipe,2025-07-30 06:17:28.755506
70,USR002,click,2025-07-30 07:37:47.755506
71,USR002,scroll,2025-07-30 08:08:18.755506
72,USR002,click,2025-07-30 09:59:22.755506
73,USR002,swipe,2025-07-30 11:12:13.755506
74,USR002,hover,2025-07-30 12:12:55.755506
75,USR002,hover,2025-07-30 12:48:32.755506
76,USR002,swipe,2025-07-30 14:39:13.755506
77,USR002,scroll,2025-07-30 14:53:24.755506
78,USR002,hover,2025-07-30 16:44:28.755506
79,USR002,hover,2025-07-30 18:40:58.755506
80,USR002,hover,2025-07-30 20:31:30.755506
81,USR002,click,2025-07-30 20:46:46.755506
82,USR002,keypress,2025-07-30 21:58:13.755506
83,USR002,hover,2025-07-30 22:37:49.755506
84,USR002,swipe,2025-07-30 23:46:06.755506
85,USR002,keypress,2025-07-31 01:03:52.755506
86,USR002,click,2025-07-31 01:26:32.755506
87,USR002,keypress,2025-07-31 03:11:43.755506
88,USR002,hover,2025-07-31 03:50:19.755506
89,USR002,keypress,2025-07-31 05:49:04.755506
90,USR002,click,2025-07-31 06:50:25.755506
91,USR002,keypress,2025-07-31 07:07:19.755506
92,USR002,hover,2025-07-31 08:13:23.755506
93,USR002,swipe,2025-07-31 09:35:36.755506
94,USR002,keypress,2025-07-31 10:50:00.755506
95,USR002,scroll,2025-07-31 12:40:55.755506
96,USR002,hover,2025-07-31 14:17:32.755506
97,USR002,hover,2025-07-31 15:27:24.755506
98,USR002,swipe,2025-07-31 16:26:58.755506
99,USR002,click,2025-07-31 16:40:43.755506
100,USR003,hover,2025-07-29 14:24:58.755506
101,USR003,keypress,2025-07-29 14:52:36.755506
102,USR003,keypress,2025-07-29 16:19:43.755506
103,USR003,keypress,2025-07-29 18:11:52.755506
104,USR003,swipe,2025-07-29 19:08:49.755506
105,USR003,hover,2025-07-29 20:15:31.755506
106,USR003,swipe,2025-07-29 20:37:13.755506
107,USR003,keypress,2025-07-29 20:44:58.755506
108,USR003,keypress,2025-07-29 22:27:06.755506
109,USR003,hover,2025-07-29 22:28:21.755506
110,USR003,keypress,2025-07-29 23:51:50.755506
111,USR003,swipe,2025-07-29 23:56:45.755506
112,USR003,hover,2025-07-30 01:05:08.755506
113,USR003,keypress,2025-07-30 01:40:56.755506
114,USR003,swipe,2025-07-30 03:21:17.755506
115,USR003,scroll,2025-07-30 03:30:16.755506
116,USR003,scroll,2025-07-30 03:56:08.755506
117,USR003,keypress,2025-07-30 05:36:45.755506
118,USR003,keypress,2025-07-30 07:19:54.755506
119,USR003,hover,2025-07-30 08:12:30.755506
120,USR003,keypress,2025-07-30 10:07:30.755506
121,USR003,keypress,2025-07-30 11:59:20.755506
122,USR003,swipe,2025-07-30 12:26:38.755506
123,USR003,click,2025-07-30 12:35:59.755506
124,USR003,keypress,2025-07-30 12:38:38.755506
125,USR003,scroll,2025-07-30 14:30:07.755506
126,USR003,click,2025-07-30 15:02:42.755506
127,USR003,keypress,2025-07-30 16:02:46.755506
128,USR003,scroll,2025-07-30 17:15:15.755506
129,USR003,swipe,2025-07-30 18:39:13.755506
130,USR003,swipe,2025-07-30 20:22:23.755506
131,USR003,keypress,2025-07-30 21:56:36.755506
132,USR003,hover,2025-07-30 22:59:49.755506
133,USR003,click,2025-07-30 23:14:05.755506
134,USR003,scroll,2025-07-30 23:53:39.755506
135,USR003,swipe,2025-07-31 01:38:26.755506
136,USR003,keypress,2025-07-31 03:08:11.755506
137,USR003,scroll,2025-07-31 03:31:59.755506
138,USR003,swipe,2025-07-31 05:06:16.755506
139,USR003,hover,2025-07-31 06:17:55.755506
140,USR003,hover,2025-07-31 07:54:51.755506
141,USR003,scroll,2025-07-31 08:20:56.755506
142,USR003,scroll,2025-07-31 09:07:33.755506
143,USR003,click,2025-07-31 10:00:31.755506
144,USR003,swipe,2025-07-31 10:03:15.755506
145,USR003,scroll,2025-07-31 10:24:40.755506
146,USR003,hover,2025-07-31 12:01:08.755506
147,USR003,keypress,2025-07-31 13:17:29.755506
148,USR003,keypress,2025-07-31 14:27:48.755506
149,USR003,hover,2025-07-31 15:48:15.755506
150,USR004,keypress,2025-07-29 13:06:01.755506
151,USR004,keypress,2025-07-29 13:52:22.755506
152,USR004,hover,2025-07-29 15:22:18.755506
153,USR004,swipe,2025-07-29 16:53:59.755506
154,USR004,hover,2025-07-29 17:22:30.755506
155,USR004,click,2025-07-29 17:42:53.755506
156,USR004,click,2025-07-29 17:46:50.755506
157,USR004,swipe,2025-07-29 18:34:00.755506
158,USR004,click,2025-07-29 20:26:36.755506
159,USR004,keypress,2025-07-29 21:46:44.755506
160,USR004,click,2025-07-29 22:28:58.755506
161,USR004,scroll,2025-07-29 23:20:50.755506
162,USR004,keypress,2025-07-30 00:20:39.755506
163,USR004,hover,2025-07-30 00:30:31.755506
164,USR004,keypress,2025-07-30 02:16:01.755506
165,USR004,hover,2025-07-30 02:56:34.755506
166,USR004,scroll,2025-07-30 04:39:49.755506
167,USR004,click,2025-07-30 05:45:07.755506
168,USR004,keypress,2025-07-30 07:32:07.755506
169,USR004,click,2025-07-30 09:22:41.755506
170,USR004,keypress,2025-07-30 10:38:48.755506
171,USR004,hover,2025-07-30 10:55:15.755506
172,USR004,hover,2025-07-30 12:30:25.755506
173,USR004,swipe,2025-07-30 12:44:24.755506
174,USR004,keypress,2025-07-30 13:58:38.755506
175,USR004,keypress,2025-07-30 15:36:54.755506
176,USR004,swipe,2025-07-30 17:35:34.755506
177,USR004,scroll,2025-07-30 19:25:23.755506
178,USR004,swipe,2025-07-30 20:23:23.755506
179,USR004,scroll,2025-07-30 21:12:25.755506
180,USR004,scroll,2025-07-30 21:39:34.755506
181,USR004,hover,2025-07-30 23:04:06.755506
182,USR004,keypress,2025-07-31 00:33:34.755506
183,USR004,swipe,2025-07-31 00:50:22.755506
184,USR004,click,2025-07-31 02:32:27.755506
185,USR004,hover,2025-07-31 03:25:20.755506
186,USR004,hover,2025-07-31 03:52:20.755506
187,USR004,scroll,2025-07-31 04:34:35.755506
188,USR004,keypress,2025-07-31 06:25:57.755506
189,USR004,swipe,2025-07-31 07:17:26.755506
190,USR004,click,2025-07-31 09:16:13.755506
191,USR004,swipe,2025-07-31 09:19:22.755506
192,USR004,swipe,2025-07-31 09:55:00.755506
193,USR004,click,2025-07-31 11:54:52.755506
194,USR004,click,2025-07-31 11:59:23.755506
195,USR004,click,2025-07-31 12:45:07.755506
196,USR004,keypress,2025-07-31 13:53:44.755506
197,USR004,scroll,2025-07-31 14:01:25.755506
198,USR004,swipe,2025-07-31 14:40:19.755506
199,USR004,swipe,2025-07-31 16:24:33.755506
200,USR005,keypress,2025-07-29 12:54:28.755506
201,USR005,click,2025-07-29 13:24:36.755506
202,USR005,swipe,2025-07-29 14:01:18.755506
203,USR005,keypress,2025-07-29 15:46:45.755506
204,USR005,click,2025-07-29 16:11:51.755506
205,USR005,swipe,2025-07-29 18:02:53.755506
206,USR005,hover,2025-07-29 18:38:39.755506
207,USR005,click,2025-07-29 19:31:43.755506
208,USR005,swipe,2025-07-29 20:29:26.755506
209,USR005,swipe,2025-07-29 20:44:57.755506
210,USR005,scroll,2025-07-29 20:47:10.755506
211,USR005,click,2025-07-29 22:23:06.755506
212,USR005,scroll,2025-07-29 23:10:52.755506
213,USR005,click,2025-07-30 00:37:24.755506
214,USR005,hover,2025-07-30 01:42:06.755506
215,USR005,hover,2025-07-30 03:08:47.755506
216,USR005,hover,2025-07-30 03:56:16.755506
217,USR005,swipe,2025-07-30 04:06:28.755506
218,USR005,hover,2025-07-30 04:44:21.755506
219,USR005,keypress,2025-07-30 04:59:31.755506
220,USR005,hover,2025-07-30 05:01:13.755506
221,USR005,hover,2025-07-30 05:59:50.755506
222,USR005,scroll,2025-07-30 07:48:31.755506
223,USR005,swipe,2025-07-30 08:06:50.755506
224,USR005,scroll,2025-07-30 08:33:21.755506
225,USR005,scroll,2025-07-30 10:24:19.755506
226,USR005,swipe,2025-07-30 11:54:26.755506
227,USR005,click,2025-07-30 12:25:51.755506
228,USR005,hover,2025-07-30 14:00:56.755506
229,USR005,keypress,2025-07-30 15:04:37.755506
230,USR005,scroll,2025-07-30 15:47:36.755506
231,USR005,swipe,2025-07-30 15:50:29.755506
232,USR005,keypress,2025-07-30 16:17:46.755506
233,USR005,hover,2025-07-30 18:17:24.755506
234,USR005,scroll,2025-07-30 19:57:05.755506
235,USR005,scroll,2025-07-30 19:57:23.755506
236,USR005,click,2025-07-30 21:09:59.755506
237,USR005,swipe,2025-07-30 22:24:53.755506
238,USR005,click,2025-07-31 00:00:58.755506
239,USR005,click,2025-07-31 00:59:26.755506
240,USR005,keypress,2025-07-31 00:59:58.755506
241,USR005,swipe,2025-07-31 02:26:31.755506
242,USR005,scroll,2025-07-31 02:44:55.755506
243,USR005,click,2025-07-31 03:38:44.755506
244,USR005,click,2025-07-31 05:00:09.755506
245,USR005,keypress,2025-07-31 05:04:59.755506
246,USR005,swipe,2025-07-31 05:42:07.755506
247,USR005,scroll,2025-07-31 05:59:39.755506
248,USR005,hover,2025-07-31 07:26:59.755506
249,USR005,keypress,2025-07-31 09:14:19.755506
250,USR006,hover,2025-07-29 14:15:46.755506
251,USR006,scroll,2025-07-29 15:23:41.755506
252,USR006,hover,2025-07-29 15:28:13.755506
253,USR006,click,2025-07-29 16:26:44.755506
254,USR006,hover,2025-07-29 17:20:48.755506
255,USR006,click,2025-07-29 17:45:56.755506
256,USR006,click,2025-07-29 19:17:02.755506
257,USR006,scroll,2025-07-29 20:57:50.755506
258,USR006,click,2025-07-29 22:02:44.755506
259,USR006,swipe,2025-07-29 23:06:05.755506
260,USR006,swipe,2025-07-30 00:13:02.755506
261,USR006,keypress,2025-07-30 01:35:01.755506
262,USR006,scroll,2025-07-30 02:02:14.755506
263,USR006,keypress,2025-07-30 02:41:04.755506
264,USR006,scroll,2025-07-30 03:03:50.755506
265,USR006,click,2025-07-30 04:54:33.755506
266,USR006,scroll,2025-07-30 05:02:13.755506
267,USR006,scroll,2025-07-30 05:37:18.755506
268,USR006,swipe,2025-07-30 07:06:09.755506
269,USR006,swipe,2025-07-30 07:14:01.755506
270,USR006,click,2025-07-30 07:35:43.755506
271,USR006,hover,2025-07-30 08:11:03.755506
272,USR006,keypress,2025-07-30 09:00:14.755506
273,USR006,keypress,2025-07-30 10:43:05.755506
274,USR006,keypress,2025-07-30 11:45:44.755506
275,USR006,hover,2025-07-30 13:14:39.755506
276,USR006,click,2025-07-30 14:16:17.755506
277,USR006,swipe,2025-07-30 14:35:14.755506
278,USR006,hover,2025-07-30 14:58:43.755506
279,USR006,hover,2025-07-30 16:27:20.755506
280,USR006,swipe,2025-07-30 17:13:27.755506
281,USR006,keypress,2025-07-30 18:11:01.755506
282,USR006,swipe,2025-07-30 18:31:04.755506
283,USR006,swipe,2025-07-30 19:09:34.755506
284,USR006,hover,2025-07-30 20:44:06.755506
285,USR006,scroll,2025-07-30 22:32:25.755506
286,USR006,hover,2025-07-30 23:43:59.755506
287,USR006,swipe,2025-07-31 00:40:52.755506
288,USR006,scroll,2025-07-31 01:19:41.755506
289,USR006,hover,2025-07-31 02:58:39.755506
290,USR006,click,2025-07-31 04:48:29.755506
291,USR006,swipe,2025-07-31 05:20:58.755506
292,USR006,scroll,2025-07-31 06:14:26.755506
293,USR006,keypress,2025-07-31 06:36:18.755506
294,USR006,swipe,2025-07-31 07:46:46.755506
295,USR006,hover,2025-07-31 07:48:26.755506
296,USR006,keypress,2025-07-31 09:27:55.755506
297,USR006,click,2025-07-31 09:44:02.755506
298,USR006,swipe,2025-07-31 11:25:12.755506
299,USR006,swipe,2025-07-31 11:32:20.755506
300,USR007,scroll,2025-07-29 14:01:39.755506
301,USR007,swipe,2025-07-29 15:38:25.755506
302,USR007,keypress,2025-07-29 17:31:58.755506
303,USR007,swipe,2025-07-29 19:07:50.755506
304,USR007,keypress,2025-07-29 19:31:46.755506
305,USR007,click,2025-07-29 19:56:06.755506
306,USR007,keypress,2025-07-29 20:17:21.755506
307,USR007,swipe,2025-07-29 20:37:39.755506
308,USR007,click,2025-07-29 21:46:29.755506
309,USR007,swipe,2025-07-29 22:02:56.755506
310,USR007,click,2025-07-29 22:19:09.755506
311,USR007,click,2025-07-29 23:01:35.755506
312,USR007,swipe,2025-07-30 00:46:56.755506
313,USR007,click,2025-07-30 01:04:33.755506
314,USR007,scroll,2025-07-30 02:43:08.755506
315,USR007,keypress,2025-07-30 03:54:38.755506
316,USR007,scroll,2025-07-30 04:29:38.755506
317,USR007,hover,2025-07-30 05:56:11.755506
318,USR007,scroll,2025-07-30 06:48:09.755506
319,USR007,swipe,2025-07-30 08:00:31.755506
320,USR007,hover,2025-07-30 08:20:16.755506
321,USR007,hover,2025-07-30 08:25:45.755506
322,USR007,click,2025-07-30 10:19:14.755506
323,USR007,click,2025-07-30 10:44:30.755506
324,USR007,keypress,2025-07-30 11:57:10.755506
325,USR007,swipe,2025-07-30 12:10:30.755506
326,USR007,click,2025-07-30 12:17:01.755506
327,USR007,scroll,2025-07-30 14:06:44.755506
328,USR007,hover,2025-07-30 14:12:22.755506
329,USR007,click,2025-07-30 14:34:24.755506
330,USR007,click,2025-07-30 15:49:02.755506
331,USR007,hover,2025-07-30 16:08:45.755506
332,USR007,hover,2025-07-30 17:19:54.755506
333,USR007,hover,2025-07-30 19:19:28.755506
334,USR007,swipe,2025-07-30 20:18:00.755506
335,USR007,keypress,2025-07-30 20:31:37.755506
336,USR007,scroll,2025-07-30 22:03:11.755506
337,USR007,hover,2025-07-30 23:56:46.755506
338,USR007,swipe,2025-07-31 00:15:32.755506
339,USR007,keypress,2025-07-31 02:09:27.755506
340,USR007,keypress,2025-07-31 03:03:57.755506
341,USR007,swipe,2025-07-31 04:55:21.755506
342,USR007,hover,2025-07-31 06:54:07.755506
343,USR007,click,2025-07-31 08:47:53.755506
344,USR007,swipe,2025-07-31 08:56:12.755506
345,USR007,hover,2025-07-31 10:23:16.755506
346,USR007,scroll,2025-07-31 10:58:15.755506
347,USR007,click,2025-07-31 12:51:26.755506
348,USR007,click,2025-07-31 13:49:42.755506
349,USR007,swipe,2025-07-31 15:18:17.755506
350,USR008,scroll,2025-07-29 14:09:39.755506
351,USR008,swipe,2025-07-29 14:36:39.755506
352,USR008,keypress,2025-07-29 14:44:14.755506
353,USR008,swipe,2025-07-29 14:56:55.755506
354,USR008,scroll,2025-07-29 16:39:54.755506
355,USR008,keypress,2025-07-29 17:59:08.755506
356,USR008,keypress,2025-07-29 19:35:02.755506
357,USR008,scroll,2025-07-29 21:11:34.755506
358,USR008,keypress,2025-07-29 22:06:14.755506
359,USR008,scroll,2025-07-29 23:44:44.755506
360,USR008,keypress,2025-07-29 23:54:36.755506
361,USR008,keypress,2025-07-30 00:28:47.755506
362,USR008,scroll,2025-07-30 01:02:30.755506
363,USR008,scroll,2025-07-30 01:18:14.755506
364,USR008,click,2025-07-30 02:05:16.755506
365,USR008,keypress,2025-07-30 02:43:18.755506
366,USR008,click,2025-07-30 03:25:50.755506
367,USR008,swipe,2025-07-30 04:26:55.755506
368,USR008,click,2025-07-30 05:56:19.755506
369,USR008,click,2025-07-30 07:06:09.755506
370,USR008,swipe,2025-07-30 08:47:33.755506
371,USR008,keypress,2025-07-30 08:56:37.755506
372,USR008,swipe,2025-07-30 10:01:26.755506
373,USR008,hover,2025-07-30 10:19:19.755506
374,USR008,keypress,2025-07-30 12:04:46.755506
375,USR008,scroll,2025-07-30 12:56:42.755506
376,USR008,click,2025-07-30 14:08:52.755506
377,USR008,keypress,2025-07-30 14:37:49.755506
378,USR008,click,2025-07-30 15:37:49.755506
379,USR008,click,2025-07-30 15:46:18.755506
380,USR008,swipe,2025-07-30 17:20:22.755506
381,USR008,scroll,2025-07-30 18:22:13.755506
382,USR008,scroll,2025-07-30 19:20:47.755506
383,USR008,keypress,2025-07-30 19:29:02.755506
384,USR008,hover,2025-07-30 19:37:19.755506
385,USR008,swipe,2025-07-30 21:06:30.755506
386,USR008,swipe,2025-07-30 22:05:51.755506
387,USR008,keypress,2025-07-30 22:24:42.755506
388,USR008,scroll,2025-07-31 00:18:40.755506
389,USR008,keypress,2025-07-31 01:05:42.755506
390,USR008,scroll,2025-07-31 02:09:40.755506
391,USR008,keypress,2025-07-31 02:49:51.755506
392,USR008,click,2025-07-31 04:07:34.755506
393,USR008,click,2025-07-31 04:30:33.755506
394,USR008,click,2025-07-31 06:12:20.755506
395,USR008,keypress,2025-07-31 06:23:53.755506
396,USR008,swipe,2025-07-31 06:32:27.755506
397,USR008,swipe,2025-07-31 06:54:29.755506
398,USR008,click,2025-07-31 07:01:45.755506
399,USR008,keypress,2025-07-31 08:58:05.755506
400,USR009,swipe,2025-07-29 14:05:11.755506
401,USR009,click,2025-07-29 14:48:08.755506
402,USR009,swipe,2025-07-29 15:32:45.755506
403,USR009,hover,2025-07-29 15:58:11.755506
404,USR009,scroll,2025-07-29 17:23:25.755506
405,USR009,scroll,2025-07-29 17:51:10.755506
406,USR009,keypress,2025-07-29 17:51:15.755506
407,USR009,scroll,2025-07-29 19:29:47.755506
408,USR009,swipe,2025-07-29 20:03:03.755506
409,USR009,hover,2025-07-29 21:42:18.755506
410,USR009,swipe,2025-07-29 23:26:57.755506
411,USR009,keypress,2025-07-29 23:32:32.755506
412,USR009,scroll,2025-07-29 23:59:54.755506
413,USR009,hover,2025-07-30 00:44:55.755506
414,USR009,swipe,2025-07-30 02:03:49.755506
415,USR009,click,2025-07-30 03:30:50.755506
416,USR009,hover,2025-07-30 04:09:35.755506
417,USR009,click,2025-07-30 04:56:18.755506
418,USR009,swipe,2025-07-30 05:23:49.755506
419,USR009,scroll,2025-07-30 06:19:03.755506
420,USR009,hover,2025-07-30 06:45:22.755506
421,USR009,scroll,2025-07-30 07:03:02.755506
422,USR009,swipe,2025-07-30 07:54:09.755506
423,USR009,keypress,2025-07-30 09:37:02.755506
424,USR009,swipe,2025-07-30 10:27:10.755506
425,USR009,swipe,2025-07-30 11:44:53.755506
426,USR009,scroll,2025-07-30 12:17:19.755506
427,USR009,click,2025-07-30 14:11:09.755506
428,USR009,swipe,2025-07-30 15:09:20.755506
429,USR009,hover,2025-07-30 16:30:12.755506
430,USR009,hover,2025-07-30 17:18:56.755506
431,USR009,keypress,2025-07-30 18:03:50.755506
432,USR009,scroll,2025-07-30 18:28:28.755506
433,USR009,swipe,2025-07-30 19:08:00.755506
434,USR009,swipe,2025-07-30 19:50:25.755506
435,USR009,hover,2025-07-30 21:38:59.755506
436,USR009,click,2025-07-30 23:31:10.755506
437,USR009,swipe,2025-07-31 01:16:08.755506
438,USR009,keypress,2025-07-31 02:54:15.755506
439,USR009,hover,2025-07-31 04:37:53.755506
440,USR009,scroll,2025-07-31 05:19:27.755506
441,USR009,hover,2025-07-31 06:19:19.755506
442,USR009,swipe,2025-07-31 06:48:44.755506
443,USR009,swipe,2025-07-31 07:55:51.755506
444,USR009,keypress,2025-07-31 09:38:31.755506
445,USR009,scroll,2025-07-31 11:02:21.755506
446,USR009,click,2025-07-31 11:52:52.755506
447,USR009,swipe,2025-07-31 12:12:30.755506
448,USR009,keypress,2025-07-31 13:11:48.755506
449,USR009,keypress,2025-07-31 13:26:32.755506
450,USR010,hover,2025-07-29 12:27:41.755506
451,USR010,scroll,2025-07-29 13:23:20.755506
452,USR010,scroll,2025-07-29 14:34:46.755506
453,USR010,keypress,2025-07-29 16:01:47.755506
454,USR010,click,2025-07-29 18:00:33.755506
455,USR010,click,2025-07-29 19:19:39.755506
456,USR010,keypress,2025-07-29 20:26:32.755506
457,USR010,scroll,2025-07-29 20:27:43.755506
458,USR010,hover,2025-07-29 20:29:07.755506
459,USR010,swipe,2025-07-29 22:23:07.755506
460,USR010,click,2025-07-29 22:46:00.755506
461,USR010,keypress,2025-07-29 23:06:37.755506
462,USR010,click,2025-07-30 00:54:08.755506
463,USR010,swipe,2025-07-30 02:44:05.755506
464,USR010,hover,2025-07-30 03:43:28.755506
465,USR010,keypress,2025-07-30 04:58:07.755506
466,USR010,click,2025-07-30 06:07:03.755506
467,USR010,swipe,2025-07-30 07:35:20.755506
468,USR010,hover,2025-07-30 08:25:34.755506
469,USR010,scroll,2025-07-30 09:38:05.755506
470,USR010,keypress,2025-07-30 11:02:48.755506
471,USR010,keypress,2025-07-30 12:29:50.755506
472,USR010,keypress,2025-07-30 14:27:19.755506
473,USR010,scroll,2025-07-30 15:24:39.755506
474,USR010,hover,2025-07-30 15:56:22.755506
475,USR010,swipe,2025-07-30 17:44:20.755506
476,USR010,click,2025-07-30 18:19:23.755506
477,USR010,click,2025-07-30 19:32:22.755506
478,USR010,hover,2025-07-30 21:08:31.755506
479,USR010,swipe,2025-07-30 21:23:29.755506
480,USR010,keypress,2025-07-30 21:49:31.755506
481,USR010,swipe,2025-07-30 22:36:56.755506
482,USR010,scroll,2025-07-30 22:41:05.755506
483,USR010,keypress,2025-07-31 00:14:42.755506
484,USR010,scroll,2025-07-31 01:14:02.755506
485,USR010,keypress,2025-07-31 01:51:50.755506
486,USR010,hover,2025-07-31 03:37:41.755506
487,USR010,hover,2025-07-31 05:32:03.755506
488,USR010,swipe,2025-07-31 07:28:28.755506
489,USR010,click,2025-07-31 08:15:35.755506
490,USR010,swipe,2025-07-31 08:39:14.755506
491,USR010,swipe,2025-07-31 10:03:44.755506
492,USR010,hover,2025-07-31 10:47:27.755506
493,USR010,hover,2025-07-31 12:18:36.755506
494,USR010,keypress,2025-07-31 14:05:12.755506
495,USR010,hover,2025-07-31 16:01:09.755506
496,USR010,hover,2025-07-31 16:25:27.755506
497,USR010,hover,2025-07-31 18:17:04.755506
498,USR010,keypress,2025-07-31 18:39:13.755506
499,USR010,swipe,2025-07-31 19:01:49.755506
500,USR011,hover,2025-07-29 13:32:23.755506
501,USR011,scroll,2025-07-29 15:21:51.755506
502,USR011,swipe,2025-07-29 16:46:51.755506
503,USR011,click,2025-07-29 17:49:19.755506
504,USR011,swipe,2025-07-29 19:03:41.755506
505,USR011,hover,2025-07-29 19:09:24.755506
506,USR011,click,2025-07-29 19:50:07.755506
507,USR011,keypress,2025-07-29 20:26:48.755506
508,USR011,keypress,2025-07-29 21:04:19.755506
509,USR011,scroll,2025-07-29 22:36:09.755506
510,USR011,keypress,2025-07-29 23:13:59.755506
511,USR011,swipe,2025-07-29 23:46:20.755506
512,USR011,hover,2025-07-30 00:42:58.755506
513,USR011,click,2025-07-30 00:55:35.755506
514,USR011,keypress,2025-07-30 02:31:09.755506
515,USR011,click,2025-07-30 04:24:53.755506
516,USR011,scroll,2025-07-30 04:33:44.755506
517,USR011,swipe,2025-07-30 06:06:59.755506
518,USR011,hover,2025-07-30 07:35:07.755506
519,USR011,scroll,2025-07-30 08:40:04.755506
520,USR011,click,2025-07-30 09:10:30.755506
521,USR011,scroll,2025-07-30 10:21:29.755506
522,USR011,keypress,2025-07-30 10:31:47.755506
523,USR011,scroll,2025-07-30 12:26:22.755506
524,USR011,click,2025-07-30 12:40:36.755506
525,USR011,swipe,2025-07-30 14:19:36.755506
526,USR011,keypress,2025-07-30 14:54:15.755506
527,USR011,swipe,2025-07-30 15:11:54.755506
528,USR011,click,2025-07-30 15:28:49.755506
529,USR011,scroll,2025-07-30 15:48:20.755506
530,USR011,keypress,2025-07-30 16:36:51.755506
531,USR011,click,2025-07-30 17:17:47.755506
532,USR011,keypress,2025-07-30 18:53:20.755506
533,USR011,scroll,2025-07-30 19:20:21.755506
534,USR011,click,2025-07-30 19:21:38.755506
535,USR011,swipe,2025-07-30 19:59:45.755506
536,USR011,click,2025-07-30 21:05:22.755506
537,USR011,scroll,2025-07-30 22:32:33.755506
538,USR011,click,2025-07-31 00:25:40.755506
539,USR011,click,2025-07-31 01:12:01.755506
540,USR011,click,2025-07-31 01:37:48.755506
541,USR011,scroll,2025-07-31 02:19:44.755506
542,USR011,scroll,2025-07-31 03:32:19.755506
543,USR011,swipe,2025-07-31 03:38:49.755506
544,USR011,hover,2025-07-31 05:04:04.755506
545,USR011,click,2025-07-31 06:51:34.755506
546,USR011,keypress,2025-07-31 07:39:28.755506
547,USR011,scroll,2025-07-31 08:18:23.755506
548,USR011,click,2025-07-31 09:24:06.755506
549,USR011,keypress,2025-07-31 10:05:02.755506
550,USR012,keypress,2025-07-29 14:13:17.755506
551,USR012,keypress,2025-07-29 15:08:19.755506
552,USR012,swipe,2025-07-29 16:08:35.755506
553,USR012,scroll,2025-07-29 16:34:41.755506
554,USR012,scroll,2025-07-29 17:46:29.755506
555,USR012,scroll,2025-07-29 19:12:18.755506
556,USR012,hover,2025-07-29 19:41:05.755506
557,USR012,scroll,2025-07-29 21:12:00.755506
558,USR012,keypress,2025-07-29 23:01:26.755506
559,USR012,scroll,2025-07-29 23:29:32.755506
560,USR012,click,2025-07-29 23:44:06.755506
561,USR012,click,2025-07-30 00:01:37.755506
562,USR012,swipe,2025-07-30 00:50:29.755506
563,USR012,hover,2025-07-30 02:32:23.755506
564,USR012,scroll,2025-07-30 03:46:34.755506
565,USR012,scroll,2025-07-30 04:35:50.755506
566,USR012,swipe,2025-07-30 04:43:31.755506
567,USR012,click,2025-07-30 05:29:41.755506
568,USR012,scroll,2025-07-30 07:15:33.755506
569,USR012,scroll,2025-07-30 07:37:13.755506
570,USR012,keypress,2025-07-30 09:15:06.755506
571,USR012,click,2025-07-30 10:38:58.755506
572,USR012,click,2025-07-30 11:39:24.755506
573,USR012,swipe,2025-07-30 12:18:09.755506
574,USR012,swipe,2025-07-30 14:17:20.755506
575,USR012,swipe,2025-07-30 14:24:11.755506
576,USR012,hover,2025-07-30 15:16:57.755506
577,USR012,hover,2025-07-30 16:41:51.755506
578,USR012,swipe,2025-07-30 16:46:49.755506
579,USR012,keypress,2025-07-30 18:16:08.755506
580,USR012,scroll,2025-07-30 19:28:05.755506
581,USR012,scroll,2025-07-30 19:43:04.755506
582,USR012,swipe,2025-07-30 21:15:08.755506
583,USR012,scroll,2025-07-30 21:32:23.755506
584,USR012,keypress,2025-07-30 22:36:28.755506
585,USR012,swipe,2025-07-30 22:55:34.755506
586,USR012,swipe,2025-07-30 23:27:56.755506
587,USR012,click,2025-07-31 00:59:46.755506
588,USR012,swipe,2025-07-31 01:52:36.755506
589,USR012,swipe,2025-07-31 02:14:31.755506
590,USR012,swipe,2025-07-31 02:43:49.755506
591,USR012,swipe,2025-07-31 04:26:25.755506
592,USR012,hover,2025-07-31 06:01:57.755506
593,USR012,swipe,2025-07-31 07:18:57.755506
594,USR012,swipe,2025-07-31 07:39:32.755506
595,USR012,scroll,2025-07-31 07:45:45.755506
596,USR012,hover,2025-07-31 09:42:37.755506
597,USR012,scroll,2025-07-31 11:32:30.755506
598,USR012,swipe,2025-07-31 12:25:38.755506
599,USR012,hover,2025-07-31 14:07:18.755506
600,USR013,hover,2025-07-29 13:27:14.755506
601,USR013,keypress,2025-07-29 13:28:21.755506
602,USR013,hover,2025-07-29 14:52:10.755506
603,USR013,scroll,2025-07-29 16:38:25.755506
604,USR013,scroll,2025-07-29 17:26:34.755506
605,USR013,swipe,2025-07-29 19:07:22.755506
606,USR013,hover,2025-07-29 21:05:22.755506
607,USR013,click,2025-07-29 21:35:43.755506
608,USR013,click,2025-07-29 23:20:37.755506
609,USR013,swipe,2025-07-30 00:58:26.755506
610,USR013,hover,2025-07-30 02:56:23.755506
611,USR013,hover,2025-07-30 03:09:30.755506
612,USR013,keypress,2025-07-30 05:07:41.755506
613,USR013,swipe,2025-07-30 05:34:39.755506
614,USR013,swipe,2025-07-30 06:47:36.755506
615,USR013,scroll,2025-07-30 08:02:01.755506
616,USR013,swipe,2025-07-30 08:54:16.755506
617,USR013,click,2025-07-30 09:50:43.755506
618,USR013,keypress,2025-07-30 10:29:53.755506
619,USR013,click,2025-07-30 11:13:05.755506
620,USR013,hover,2025-07-30 11:45:42.755506
621,USR013,hover,2025-07-30 12:52:13.755506
622,USR013,click,2025-07-30 14:12:46.755506
623,USR013,swipe,2025-07-30 14:35:48.755506
624,USR013,click,2025-07-30 15:26:19.755506
625,USR013,swipe,2025-07-30 15:52:16.755506
626,USR013,click,2025-07-30 16:53:15.755506
627,USR013,swipe,2025-07-30 17:44:59.755506
628,USR013,hover,2025-07-30 19:41:52.755506
629,USR013,click,2025-07-30 20:58:30.755506
630,USR013,swipe,2025-07-30 22:39:43.755506
631,USR013,keypress,2025-07-30 22:42:09.755506
632,USR013,keypress,2025-07-31 00:31:30.755506
633,USR013,hover,2025-07-31 02:00:31.755506
634,USR013,keypress,2025-07-31 02:28:46.755506
635,USR013,hover,2025-07-31 04:27:16.755506
636,USR013,scroll,2025-07-31 06:21:17.755506
637,USR013,click,2025-07-31 07:02:19.755506
638,USR013,keypress,2025-07-31 08:49:17.755506
639,USR013,swipe,2025-07-31 10:24:07.755506
640,USR013,click,2025-07-31 10:30:53.755506
641,USR013,hover,2025-07-31 10:56:49.755506
642,USR013,hover,2025-07-31 11:03:41.755506
643,USR013,click,2025-07-31 11:40:17.755506
644,USR013,click,2025-07-31 12:22:54.755506
645,USR013,swipe,2025-07-31 13:32:20.755506
646,USR013,swipe,2025-07-31 14:52:32.755506
647,USR013,keypress,2025-07-31 15:00:31.755506
648,USR013,scroll,2025-07-31 15:45:44.755506
649,USR013,swipe,2025-07-31 17:32:17.755506
650,USR014,scroll,2025-07-29 13:31:51.755506
651,USR014,hover,2025-07-29 15:14:13.755506
652,USR014,click,2025-07-29 16:34:55.755506
653,USR014,swipe,2025-07-29 17:40:27.755506
654,USR014,swipe,2025-07-29 19:00:34.755506
655,USR014,hover,2025-07-29 19:40:16.755506
656,USR014,click,2025-07-29 21:05:36.755506
657,USR014,scroll,2025-07-29 22:51:03.755506
658,USR014,hover,2025-07-29 22:52:24.755506
659,USR014,swipe,2025-07-30 00:22:47.755506
660,USR014,keypress,2025-07-30 00:57:35.755506
661,USR014,hover,2025-07-30 02:14:16.755506
662,USR014,scroll,2025-07-30 02:43:18.755506
663,USR014,click,2025-07-30 03:55:26.755506
664,USR014,keypress,2025-07-30 05:47:37.755506
665,USR014,swipe,2025-07-30 07:17:45.755506
666,USR014,click,2025-07-30 08:58:57.755506
667,USR014,click,2025-07-30 10:19:14.755506
668,USR014,swipe,2025-07-30 11:31:57.755506
669,USR014,click,2025-07-30 12:37:25.755506
670,USR014,click,2025-07-30 12:57:13.755506
671,USR014,click,2025-07-30 14:14:47.755506
672,USR014,swipe,2025-07-30 14:31:12.755506
673,USR014,click,2025-07-30 15:04:25.755506
674,USR014,swipe,2025-07-30 15:07:22.755506
675,USR014,keypress,2025-07-30 15:14:23.755506
676,USR014,hover,2025-07-30 17:09:38.755506
677,USR014,scroll,2025-07-30 19:03:49.755506
678,USR014,scroll,2025-07-30 19:34:52.755506
679,USR014,click,2025-07-30 21:03:32.755506
680,USR014,scroll,2025-07-30 21:05:23.755506
681,USR014,hover,2025-07-30 22:44:03.755506
682,USR014,keypress,2025-07-31 00:34:07.755506
683,USR014,swipe,2025-07-31 00:58:45.755506
684,USR014,scroll,2025-07-31 01:43:17.755506
685,USR014,click,2025-07-31 02:03:40.755506
686,USR014,scroll,2025-07-31 03:01:20.755506
687,USR014,click,2025-07-31 04:19:07.755506
688,USR014,click,2025-07-31 05:55:02.755506
689,USR014,hover,2025-07-31 06:28:20.755506
690,USR014,scroll,2025-07-31 07:36:48.755506
691,USR014,keypress,2025-07-31 08:09:28.755506
692,USR014,click,2025-07-31 09:11:39.755506
693,USR014,swipe,2025-07-31 09:41:04.755506
694,USR014,click,2025-07-31 10:21:21.755506
695,USR014,keypress,2025-07-31 11:40:11.755506
696,USR014,hover,2025-07-31 12:02:47.755506
697,USR014,hover,2025-07-31 13:31:17.755506
698,USR014,swipe,2025-07-31 14:24:13.755506
699,USR014,click,2025-07-31 16:20:23.755506
700,USR015,keypress,2025-07-29 12:55:45.755506
701,USR015,scroll,2025-07-29 14:50:34.755506
702,USR015,click,2025-07-29 15:09:31.755506
703,USR015,hover,2025-07-29 16:56:57.755506
704,USR015,click,2025-07-29 17:25:00.755506
705,USR015,click,2025-07-29 18:30:15.755506
706,USR015,keypress,2025-07-29 20:01:28.755506
707,USR015,hover,2025-07-29 21:09:14.755506
708,USR015,swipe,2025-07-29 21:33:10.755506
709,USR015,scroll,2025-07-29 22:19:37.755506
710,USR015,click,2025-07-29 23:55:27.755506
711,USR015,click,2025-07-30 00:57:12.755506
712,USR015,scroll,2025-07-30 02:48:23.755506
713,USR015,swipe,2025-07-30 03:58:31.755506
714,USR015,keypress,2025-07-30 05:38:36.755506
715,USR015,scroll,2025-07-30 06:52:10.755506
716,USR015,keypress,2025-07-30 08:29:16.755506
717,USR015,hover,2025-07-30 09:13:09.755506
718,USR015,keypress,2025-07-30 10:28:25.755506
719,USR015,swipe,2025-07-30 10:45:56.755506
720,USR015,hover,2025-07-30 12:25:00.755506
721,USR015,hover,2025-07-30 13:48:36.755506
722,USR015,keypress,2025-07-30 14:53:49.755506
723,USR015,swipe,2025-07-30 16:18:34.755506
724,USR015,click,2025-07-30 16:53:31.755506
725,USR015,keypress,2025-07-30 18:45:01.755506
726,USR015,click,2025-07-30 19:18:18.755506
727,USR015,scroll,2025-07-30 20:28:55.755506
728,USR015,keypress,2025-07-30 20:53:41.755506
729,USR015,scroll,2025-07-30 21:05:22.755506
730,USR015,scroll,2025-07-30 22:10:16.755506
731,USR015,click,2025-07-30 22:52:50.755506
732,USR015,click,2025-07-31 00:45:01.755506
733,USR015,scroll,2025-07-31 00:50:52.755506
734,USR015,hover,2025-07-31 01:26:52.755506
735,USR015,click,2025-07-31 01:39:26.755506
736,USR015,swipe,2025-07-31 01:57:51.755506
737,USR015,swipe,2025-07-31 02:56:37.755506
738,USR015,hover,2025-07-31 04:03:14.755506
739,USR015,swipe,2025-07-31 05:00:25.755506
740,USR015,swipe,2025-07-31 06:59:10.755506
741,USR015,hover,2025-07-31 08:03:38.755506
742,USR015,scroll,2025-07-31 09:02:58.755506
743,USR015,hover,2025-07-31 09:35:48.755506
744,USR015,keypress,2025-07-31 10:30:16.755506
745,USR015,keypress,2025-07-31 12:09:05.755506
746,USR015,keypress,2025-07-31 13:17:30.755506
747,USR015,click,2025-07-31 14:22:17.755506
748,USR015,scroll,2025-07-31 15:11:45.755506
749,USR015,click,2025-07-31 15:21:58.755506
750,USR016,swipe,2025-07-29 12:37:40.755506
751,USR016,click,2025-07-29 13:58:22.755506
752,USR016,click,2025-07-29 15:05:37.755506
753,USR016,keypress,2025-07-29 16:37:58.755506
754,USR016,hover,2025-07-29 18:35:41.755506
755,USR016,click,2025-07-29 18:49:58.755506
756,USR016,scroll,2025-07-29 20:25:40.755506
757,USR016,hover,2025-07-29 20:36:51.755506
758,USR016,swipe,2025-07-29 20:38:40.755506
759,USR016,swipe,2025-07-29 21:54:27.755506
760,USR016,scroll,2025-07-29 22:30:47.755506
761,USR016,scroll,2025-07-29 23:41:49.755506
762,USR016,scroll,2025-07-30 01:21:41.755506
763,USR016,hover,2025-07-30 02:36:40.755506
764,USR016,click,2025-07-30 04:08:47.755506
765,USR016,click,2025-07-30 05:40:01.755506
766,USR016,keypress,2025-07-30 06:46:00.755506
767,USR016,swipe,2025-07-30 08:26:49.755506
768,USR016,swipe,2025-07-30 10:08:41.755506
769,USR016,scroll,2025-07-30 10:40:29.755506
770,USR016,keypress,2025-07-30 11:49:49.755506
771,USR016,hover,2025-07-30 12:44:30.755506
772,USR016,hover,2025-07-30 13:27:19.755506
773,USR016,keypress,2025-07-30 14:06:30.755506
774,USR016,keypress,2025-07-30 14:40:23.755506
775,USR016,hover,2025-07-30 15:33:22.755506
776,USR016,swipe,2025-07-30 16:29:45.755506
777,USR016,scroll,2025-07-30 16:34:00.755506
778,USR016,keypress,2025-07-30 17:55:30.755506
779,USR016,keypress,2025-07-30 18:05:58.755506
780,USR016,keypress,2025-07-30 18:08:18.755506
781,USR016,hover,2025-07-30 19:41:46.755506
782,USR016,click,2025-07-30 20:57:04.755506
783,USR016,scroll,2025-07-30 21:27:13.755506
784,USR016,hover,2025-07-30 21:48:01.755506
785,USR016,click,2025-07-30 22:38:15.755506
786,USR016,hover,2025-07-30 23:20:14.755506
787,USR016,hover,2025-07-30 23:27:31.755506
788,USR016,scroll,2025-07-30 23:43:22.755506
789,USR016,keypress,2025-07-31 01:12:22.755506
790,USR016,swipe,2025-07-31 01:23:14.755506
791,USR016,click,2025-07-31 03:20:28.755506
792,USR016,swipe,2025-07-31 04:54:55.755506
793,USR016,swipe,2025-07-31 05:37:41.755506
794,USR016,swipe,2025-07-31 05:56:55.755506
795,USR016,swipe,2025-07-31 07:12:35.755506
796,USR016,click,2025-07-31 07:31:47.755506
797,USR016,click,2025-07-31 07:54:38.755506
798,USR016,scroll,2025-07-31 09:40:34.755506
799,USR016,hover,2025-07-31 09:53:15.755506
800,USR017,click,2025-07-29 13:36:31.755506
801,USR017,scroll,2025-07-29 14:16:13.755506
802,USR017,scroll,2025-07-29 15:58:09.755506
803,USR017,scroll,2025-07-29 17:02:01.755506
804,USR017,click,2025-07-29 17:49:28.755506
805,USR017,click,2025-07-29 17:53:03.755506
806,USR017,keypress,2025-07-29 18:30:32.755506
807,USR017,hover,2025-07-29 19:59:08.755506
808,USR017,click,2025-07-29 21:01:07.755506
809,USR017,keypress,2025-07-29 22:22:24.755506
810,USR017,hover,2025-07-29 23:32:35.755506
811,USR017,hover,2025-07-29 23:49:01.755506
812,USR017,scroll,2025-07-30 00:18:19.755506
813,USR017,keypress,2025-07-30 01:36:58.755506
814,USR017,click,2025-07-30 02:57:15.755506
815,USR017,scroll,2025-07-30 04:27:43.755506
816,USR017,scroll,2025-07-30 06:08:15.755506
817,USR017,keypress,2025-07-30 06:17:28.755506
818,USR017,keypress,2025-07-30 07:22:56.755506
819,USR017,swipe,2025-07-30 07:27:10.755506
820,USR017,hover,2025-07-30 07:30:48.755506
821,USR017,keypress,2025-07-30 08:00:01.755506
822,USR017,swipe,2025-07-30 09:54:59.755506
823,USR017,scroll,2025-07-30 11:26:59.755506
824,USR017,swipe,2025-07-30 12:07:14.755506
825,USR017,keypress,2025-07-30 12:17:17.755506
826,USR017,swipe,2025-07-30 12:47:48.755506
827,USR017,scroll,2025-07-30 14:19:45.755506
828,USR017,click,2025-07-30 16:14:30.755506
829,USR017,keypress,2025-07-30 17:15:06.755506
830,USR017,keypress,2025-07-30 17:51:36.755506
831,USR017,scroll,2025-07-30 19:03:20.755506
832,USR017,keypress,2025-07-30 20:24:13.755506
833,USR017,swipe,2025-07-30 22:07:35.755506
834,USR017,click,2025-07-31 00:06:29.755506
835,USR017,keypress,2025-07-31 00:33:48.755506
836,USR017,scroll,2025-07-31 00:43:32.755506
837,USR017,scroll,2025-07-31 02:03:38.755506
838,USR017,scroll,2025-07-31 03:27:28.755506
839,USR017,hover,2025-07-31 03:43:18.755506
840,USR017,hover,2025-07-31 04:37:46.755506
841,USR017,hover,2025-07-31 05:51:44.755506
842,USR017,swipe,2025-07-31 07:33:56.755506
843,USR017,hover,2025-07-31 08:07:07.755506
844,USR017,click,2025-07-31 10:04:56.755506
845,USR017,scroll,2025-07-31 10:39:52.755506
846,USR017,swipe,2025-07-31 10:42:56.755506
847,USR017,swipe,2025-07-31 10:48:06.755506
848,USR017,keypress,2025-07-31 11:26:52.755506
849,USR017,swipe,2025-07-31 12:49:09.755506
850,USR018,click,2025-07-29 13:42:37.755506
851,USR018,keypress,2025-07-29 13:57:22.755506
852,USR018,hover,2025-07-29 15:08:07.755506
853,USR018,keypress,2025-07-29 15:11:35.755506
854,USR018,scroll,2025-07-29 16:13:48.755506
855,USR018,keypress,2025-07-29 16:50:58.755506
856,USR018,click,2025-07-29 17:19:49.755506
857,USR018,click,2025-07-29 19:11:06.755506
858,USR018,swipe,2025-07-29 20:34:21.755506
859,USR018,swipe,2025-07-29 22:29:03.755506
860,USR018,swipe,2025-07-29 22:33:06.755506
861,USR018,click,2025-07-29 22:36:32.755506
862,USR018,click,2025-07-30 00:19:00.755506
863,USR018,swipe,2025-07-30 01:11:00.755506
864,USR018,keypress,2025-07-30 01:56:12.755506
865,USR018,keypress,2025-07-30 02:23:52.755506
866,USR018,hover,2025-07-30 03:33:55.755506
867,USR018,hover,2025-07-30 04:41:58.755506
868,USR018,click,2025-07-30 05:34:33.755506
869,USR018,keypress,2025-07-30 07:13:22.755506
870,USR018,keypress,2025-07-30 08:08:34.755506
871,USR018,keypress,2025-07-30 08:41:15.755506
872,USR018,scroll,2025-07-30 10:26:29.755506
873,USR018,swipe,2025-07-30 11:55:45.755506
874,USR018,scroll,2025-07-30 13:43:49.755506
875,USR018,scroll,2025-07-30 15:25:45.755506
876,USR018,swipe,2025-07-30 16:37:20.755506
877,USR018,swipe,2025-07-30 18:06:56.755506
878,USR018,hover,2025-07-30 18:25:13.755506
879,USR018,swipe,2025-07-30 18:48:12.755506
880,USR018,swipe,2025-07-30 19:47:06.755506
881,USR018,swipe,2025-07-30 20:18:54.755506
882,USR018,keypress,2025-07-30 21:40:17.755506
883,USR018,hover,2025-07-30 23:11:11.755506
884,USR018,scroll,2025-07-31 00:45:07.755506
885,USR018,swipe,2025-07-31 02:37:50.755506
886,USR018,keypress,2025-07-31 04:16:43.755506
887,USR018,scroll,2025-07-31 05:54:39.755506
888,USR018,scroll,2025-07-31 06:50:20.755506
889,USR018,swipe,2025-07-31 08:13:41.755506
890,USR018,keypress,2025-07-31 08:35:07.755506
891,USR018,keypress,2025-07-31 09:10:23.755506
892,USR018,swipe,2025-07-31 10:16:08.755506
893,USR018,click,2025-07-31 10:17:27.755506
894,USR018,swipe,2025-07-31 11:25:45.755506
895,USR018,swipe,2025-07-31 12:46:54.755506
896,USR018,hover,2025-07-31 13:29:42.755506
897,USR018,keypress,2025-07-31 15:00:24.755506
898,USR018,click,2025-07-31 15:04:13.755506
899,USR018,scroll,2025-07-31 16:29:16.755506
900,USR019,scroll,2025-07-29 13:34:16.755506
901,USR019,swipe,2025-07-29 15:34:14.755506
902,USR019,click,2025-07-29 17:10:43.755506
903,USR019,hover,2025-07-29 17:22:55.755506
904,USR019,hover,2025-07-29 18:47:17.755506
905,USR019,swipe,2025-07-29 20:00:36.755506
906,USR019,keypress,2025-07-29 20:57:56.755506
907,USR019,hover,2025-07-29 21:31:26.755506
908,USR019,keypress,2025-07-29 22:38:35.755506
909,USR019,hover,2025-07-30 00:37:21.755506
910,USR019,scroll,2025-07-30 00:52:53.755506
911,USR019,hover,2025-07-30 01:37:10.755506
912,USR019,click,2025-07-30 01:41:00.755506
913,USR019,keypress,2025-07-30 03:31:33.755506
914,USR019,swipe,2025-07-30 04:20:07.755506
915,USR019,scroll,2025-07-30 05:26:06.755506
916,USR019,swipe,2025-07-30 06:38:35.755506
917,USR019,scroll,2025-07-30 08:04:06.755506
918,USR019,scroll,2025-07-30 08:55:18.755506
919,USR019,keypress,2025-07-30 09:11:50.755506
920,USR019,keypress,2025-07-30 10:39:58.755506
921,USR019,swipe,2025-07-30 10:48:05.755506
922,USR019,keypress,2025-07-30 12:15:04.755506
923,USR019,keypress,2025-07-30 14:08:50.755506
924,USR019,keypress,2025-07-30 14:13:05.755506
925,USR019,keypress,2025-07-30 14:18:18.755506
926,USR019,hover,2025-07-30 15:08:50.755506
927,USR019,swipe,2025-07-30 15:19:24.755506
928,USR019,swipe,2025-07-30 15:55:53.755506
929,USR019,click,2025-07-30 16:49:41.755506
930,USR019,swipe,2025-07-30 18:41:09.755506
931,USR019,scroll,2025-07-30 20:13:38.755506
932,USR019,scroll,2025-07-30 21:15:26.755506
933,USR019,hover,2025-07-30 22:02:51.755506
934,USR019,keypress,2025-07-30 22:03:15.755506
935,USR019,scroll,2025-07-30 22:50:07.755506
936,USR019,keypress,2025-07-30 23:40:11.755506
937,USR019,click,2025-07-31 00:43:09.755506
938,USR019,hover,2025-07-31 01:15:01.755506
939,USR019,hover,2025-07-31 03:00:20.755506
940,USR019,scroll,2025-07-31 04:59:58.755506
941,USR019,keypress,2025-07-31 05:06:35.755506
942,USR019,swipe,2025-07-31 06:44:26.755506
943,USR019,hover,2025-07-31 06:46:02.755506
944,USR019,hover,2025-07-31 08:18:00.755506
945,USR019,hover,2025-07-31 09:32:03.755506
946,USR019,click,2025-07-31 09:32:19.755506
947,USR019,keypress,2025-07-31 10:54:35.755506
948,USR019,scroll,2025-07-31 11:58:09.755506
949,USR019,swipe,2025-07-31 12:18:17.755506
950,USR020,hover,2025-07-29 13:49:15.755506
951,USR020,keypress,2025-07-29 14:56:13.755506
952,USR020,hover,2025-07-29 15:30:17.755506
953,USR020,scroll,2025-07-29 16:40:26.755506
954,USR020,keypress,2025-07-29 18:22:31.755506
955,USR020,scroll,2025-07-29 19:01:16.755506
956,USR020,keypress,2025-07-29 20:33:44.755506
957,USR020,click,2025-07-29 21:53:03.755506
958,USR020,hover,2025-07-29 23:39:09.755506
959,USR020,hover,2025-07-30 01:34:07.755506
960,USR020,swipe,2025-07-30 03:07:36.755506
961,USR020,hover,2025-07-30 04:56:19.755506
962,USR020,scroll,2025-07-30 06:48:31.755506
963,USR020,click,2025-07-30 07:12:43.755506
964,USR020,keypress,2025-07-30 08:57:26.755506
965,USR020,hover,2025-07-30 09:38:47.755506
966,USR020,hover,2025-07-30 10:35:15.755506
967,USR020,scroll,2025-07-30 12:20:34.755506
968,USR020,swipe,2025-07-30 12:46:56.755506
969,USR020,swipe,2025-07-30 14:33:46.755506
970,USR020,keypress,2025-07-30 15:18:51.755506
971,USR020,click,2025-07-30 16:48:04.755506
972,USR020,click,2025-07-30 18:03:58.755506
973,USR020,hover,2025-07-30 18:16:28.755506
974,USR020,swipe,2025-07-30 19:56:03.755506
975,USR020,scroll,2025-07-30 19:59:57.755506
976,USR020,swipe,2025-07-30 20:57:40.755506
977,USR020,keypress,2025-07-30 21:04:27.755506
978,USR020,swipe,2025-07-30 21:20:18.755506
979,USR020,scroll,2025-07-30 22:23:45.755506
980,USR020,swipe,2025-07-30 23:11:37.755506
981,USR020,keypress,2025-07-31 00:11:53.755506
982,USR020,scroll,2025-07-31 01:25:57.755506
983,USR020,hover,2025-07-31 03:09:19.755506
984,USR020,swipe,2025-07-31 03:11:19.755506
985,USR020,swipe,2025-07-31 04:54:30.755506
986,USR020,hover,2025-07-31 06:44:42.755506
987,USR020,swipe,2025-07-31 06:50:04.755506
988,USR020,hover,2025-07-31 07:39:33.755506
989,USR020,hover,2025-07-31 07:47:33.755506
990,USR020,swipe,2025-07-31 08:10:30.755506
991,USR020,hover,2025-07-31 10:03:40.755506
992,USR020,scroll,2025-07-31 11:27:49.755506
993,USR020,swipe,2025-07-31 12:51:50.755506
994,USR020,hover,2025-07-31 13:20:30.755506
995,USR020,click,2025-07-31 14:44:09.755506
996,USR020,swipe,2025-07-31 15:40:14.755506
997,USR020,hover,2025-07-31 15:55:33.755506
998,USR020,swipe,2025-07-31 16:18:26.755506
999,USR020,keypress,2025-07-31 17:32:59.755506
